{"epoch":1,"train_loss":2.1934124258627374,"val_loss":2.2711391941255887,"_wandb":{"runtime":676},"_runtime":676,"batch_loss":2.0094618797302246,"_timestamp":1.782173749930469e+09,"_step":1661}