{"_wandb":{"runtime":1550},"batch_loss":1.9578131437301636,"_timestamp":1.7821852286501603e+09,"_step":3323,"train_loss":1.8042547746954194,"val_loss":1.95337042779575,"epoch":3,"_runtime":1550}