{"_timestamp":1.7822727151132882e+09,"train_loss":0.7907005970702922,"_runtime":4825,"_step":24,"epoch":24,"val_loss":1.9819328776550333,"val_f1_score":0.14313989888937187,"_wandb":{"runtime":4825},"val_accuracy":0.31269035532994927}