{"val_loss":1.7993403570613398,"val_f1_score":0.06548170635533158,"_step":9,"epoch":9,"_runtime":1563,"_wandb":{"runtime":1563},"train_loss":1.7057671232754925,"val_accuracy":0.3197969543147208,"_timestamp":1.7822472989333339e+09}