{"train_loss":2.151664861569922,"val_loss":2.173783736672961,"_wandb":{"runtime":760},"_runtime":760,"_step":1661,"batch_loss":1.770520806312561,"_timestamp":1.7821813913416522e+09,"epoch":1}