{"_step":1661,"batch_loss":1.7329742908477783,"_timestamp":1.7821806150892398e+09,"epoch":1,"train_loss":1.5898333871759565,"val_loss":1.5842976330021614,"_wandb":{"runtime":775},"_runtime":775}