{"batch_loss":1.108635663986206,"_timestamp":1.7822060157224283e+09,"train_loss":1.5555830496262355,"val_loss":1.79050207331113,"epoch":3,"_wandb":{"runtime":1691},"_runtime":1691,"_step":3323}