{"_step":14,"epoch":14,"train_loss":1.5877217318002994,"val_loss":1.765399266635218,"val_accuracy":0.3248730964467005,"_wandb":{"runtime":2304},"_runtime":2304,"_timestamp":1.7822420090334303e+09}