{"_runtime":793,"_step":1661,"batch_loss":1.6699633598327637,"_timestamp":1.7821798337797558e+09,"val_loss":2.285950282565978,"epoch":1,"train_loss":2.180020714093404,"_wandb":{"runtime":793}}