{"batch_loss":2.3128793239593506,"_timestamp":1.7822043179993463e+09,"_step":3323,"epoch":3,"train_loss":2.147933093395578,"val_loss":2.3905059852098165,"_runtime":16307,"_wandb":{"runtime":16307}}