{"_timestamp":1.7822457266944227e+09,"epoch":9,"train_loss":2.4349707337747137,"val_accuracy":0.29746192893401013,"val_loss":2.40004425685898,"_runtime":1570,"val_f1_score":0.1389184977627767,"_wandb":{"runtime":1570},"_step":9}