{"batch_loss":1.7474027872085571,"_timestamp":1.7821866967167048e+09,"_step":3323,"epoch":3,"train_loss":2.1051900606557545,"val_loss":2.1790510630800655,"_wandb":{"runtime":1458},"_runtime":1458}