{"_runtime":1186,"_step":3047,"epoch":2,"train_loss":2.2070365319769065,"val_loss":2.2776595638831134,"val_accuracy":0.2781725888324873,"_wandb":{"runtime":1186},"_timestamp":1.782223162803242e+09,"batch_loss":1.8946800231933594}