{"_timestamp":1.7821836706925883e+09,"_step":3323,"epoch":3,"train_loss":2.1544916063906197,"val_loss":2.469641725302708,"_wandb":{"runtime":1503},"_runtime":1503,"batch_loss":2.050272226333618}