{"_step":1661,"batch_loss":0.8218766450881958,"epoch":1,"train_loss":1.531322341906019,"val_loss":1.566884585840982,"_wandb":{"runtime":760},"_runtime":760,"_timestamp":1.7821821586544607e+09}