{"val_loss":1.9678628528528368,"epoch":1,"_wandb":{"runtime":740},"_runtime":740,"_step":1661,"batch_loss":0.8519300222396851,"_timestamp":1.7821775370320013e+09,"train_loss":1.7437368308923331}