{"_wandb":{"runtime":751},"_runtime":751,"_timestamp":1.78217451097308e+09,"_step":1661,"batch_loss":2.3740670680999756,"epoch":1,"train_loss":1.8404668303498302,"val_loss":1.9832712201937008}