{"train_loss":2.192182424197714,"_wandb":{"runtime":755},"_runtime":755,"_step":1661,"batch_loss":1.8582109212875366,"_timestamp":1.7821767874272156e+09,"val_loss":2.251880256753219,"epoch":1}