{"_runtime":734,"batch_loss":0.9138025641441345,"_timestamp":1.7821760227515461e+09,"_step":1661,"train_loss":1.796287290231291,"val_loss":1.8291691062662765,"epoch":1,"_wandb":{"runtime":734}}