{"batch_loss":2.33589243888855,"_timestamp":1.7821782547352965e+09,"train_loss":2.155811484606869,"val_loss":2.1851593777235703,"epoch":1,"_wandb":{"runtime":710},"_runtime":710,"_step":1661}