{"_wandb":{"runtime":1298},"_runtime":1298,"batch_loss":2.0807886123657227,"_timestamp":1.782188004933952e+09,"_step":3323,"val_loss":1.8249854363410578,"epoch":3,"train_loss":1.7420112510043455}