{"train_loss":2.1561978422015544,"val_loss":2.1931820919639184,"_wandb":{"runtime":761},"_runtime":761,"batch_loss":1.1944023370742798,"_timestamp":1.7821752800422182e+09,"_step":1661,"epoch":1}