{"val_loss":1.7287433755542585,"_wandb":{"runtime":769},"_runtime":769,"batch_loss":1.7320199012756348,"_timestamp":1.7821790317860644e+09,"_step":1661,"epoch":1,"train_loss":1.6988953587520554}