{"_timestamp":1.78223968977533e+09,"_runtime":2348,"_wandb":{"runtime":2348},"_step":14,"epoch":14,"train_loss":2.3440104900644374,"val_loss":2.4677596630588656,"val_accuracy":0.2131979695431472}